rms,fitting_time,fitting_time_std,residue
0.3444410222886366,0.29563703536987307,0.03397610719275675,0.9556175234339681
